timestamp,event,task_id,task_name,task_graph_id
1748485993,TASK_SUBMITTED,MCAGraphObject://0/4,MCAGraphObject://0/4,
1748485993,TASK_SUBMITTED,MCAGraphObject://0/4/1,exp_04_02_02_02_03_n100_c18_1,MCAGraphObject://0/4
1748485995,TASK_STARTED,MCAGraphObject://0/4/1,exp_04_02_02_02_03_n100_c18_1,MCAGraphObject://0/4
1748485996,TASK_SUBMITTED,MCAGraphObject://0/1035,MCAGraphObject://0/1035,
1748485996,TASK_SUBMITTED,MCAGraphObject://0/1035/1,exp_04_02_02_02_03_n100_c18_2,MCAGraphObject://0/1035
1748485999,TASK_STARTED,MCAGraphObject://0/1035/1,exp_04_02_02_02_03_n100_c18_2,MCAGraphObject://0/1035
1748486020,TASK_SUBMITTED,MCAGraphObject://0/2271,MCAGraphObject://0/2271,
1748486020,TASK_SUBMITTED,MCAGraphObject://0/2271/1,exp_04_02_02_02_03_n100_c18_3,MCAGraphObject://0/2271
1748486022,TASK_SUBMITTED,MCAGraphObject://0/2276,MCAGraphObject://0/2276,
1748486022,TASK_SUBMITTED,MCAGraphObject://0/2276/1,exp_04_02_02_02_03_n100_c18_4,MCAGraphObject://0/2276
1748486079,TASK_TERMINATED,MCAGraphObject://0/1035/1,exp_04_02_02_02_03_n100_c18_2,MCAGraphObject://0/1035
1748486079,TASK_SUBMITTED,MCAGraphObject://0/2281,MCAGraphObject://0/2281,
1748486079,TASK_SUBMITTED,MCAGraphObject://0/2281/1,exp_04_02_02_02_03_n100_c18_5,MCAGraphObject://0/2281
1748486081,TASK_STARTED,MCAGraphObject://0/2276/1,exp_04_02_02_02_03_n100_c18_4,MCAGraphObject://0/2276
1748486082,TASK_STARTED,MCAGraphObject://0/2281/1,exp_04_02_02_02_03_n100_c18_5,MCAGraphObject://0/2281
1748486091,TASK_TERMINATED,MCAGraphObject://0/2281/1,exp_04_02_02_02_03_n100_c18_5,MCAGraphObject://0/2281
1748486150,TASK_TERMINATED,MCAGraphObject://0/2276/1,exp_04_02_02_02_03_n100_c18_4,MCAGraphObject://0/2276
1748486152,TASK_STARTED,MCAGraphObject://0/2271/1,exp_04_02_02_02_03_n100_c18_3,MCAGraphObject://0/2271
1748486160,TASK_SUBMITTED,MCAGraphObject://0/5173,MCAGraphObject://0/5173,
1748486160,TASK_SUBMITTED,MCAGraphObject://0/5173/1,exp_04_02_02_02_03_n100_c18_6,MCAGraphObject://0/5173
1748486165,TASK_STARTED,MCAGraphObject://0/5173/1,exp_04_02_02_02_03_n100_c18_6,MCAGraphObject://0/5173
1748486176,TASK_TERMINATED,MCAGraphObject://0/2271/1,exp_04_02_02_02_03_n100_c18_3,MCAGraphObject://0/2271
1748486209,TASK_SUBMITTED,MCAGraphObject://0/5540,MCAGraphObject://0/5540,
1748486209,TASK_SUBMITTED,MCAGraphObject://0/5540/1,exp_04_02_02_02_03_n100_c18_7,MCAGraphObject://0/5540
1748486211,TASK_STARTED,MCAGraphObject://0/5540/1,exp_04_02_02_02_03_n100_c18_7,MCAGraphObject://0/5540
1748486213,TASK_TERMINATED,MCAGraphObject://0/5540/1,exp_04_02_02_02_03_n100_c18_7,MCAGraphObject://0/5540
1748486258,TASK_SUBMITTED,MCAGraphObject://0/6632,MCAGraphObject://0/6632,
1748486258,TASK_SUBMITTED,MCAGraphObject://0/6632/1,exp_04_02_02_02_03_n100_c18_8,MCAGraphObject://0/6632
1748486260,TASK_STARTED,MCAGraphObject://0/6632/1,exp_04_02_02_02_03_n100_c18_8,MCAGraphObject://0/6632
1748486263,TASK_SUBMITTED,MCAGraphObject://0/6703,MCAGraphObject://0/6703,
1748486263,TASK_SUBMITTED,MCAGraphObject://0/6703/1,exp_04_02_02_02_03_n100_c18_9,MCAGraphObject://0/6703
1748486266,TASK_TERMINATED,MCAGraphObject://0/4/1,exp_04_02_02_02_03_n100_c18_1,MCAGraphObject://0/4
1748486267,TASK_STARTED,MCAGraphObject://0/6703/1,exp_04_02_02_02_03_n100_c18_9,MCAGraphObject://0/6703
1748486302,TASK_TERMINATED,MCAGraphObject://0/5173/1,exp_04_02_02_02_03_n100_c18_6,MCAGraphObject://0/5173
1748486305,TASK_TERMINATED,MCAGraphObject://0/6703/1,exp_04_02_02_02_03_n100_c18_9,MCAGraphObject://0/6703
1748486369,TASK_SUBMITTED,MCAGraphObject://0/8795,MCAGraphObject://0/8795,
1748486369,TASK_SUBMITTED,MCAGraphObject://0/8795/1,exp_04_02_02_02_03_n100_c18_10,MCAGraphObject://0/8795
1748486370,TASK_STARTED,MCAGraphObject://0/8795/1,exp_04_02_02_02_03_n100_c18_10,MCAGraphObject://0/8795
1748486411,TASK_SUBMITTED,MCAGraphObject://0/9314,MCAGraphObject://0/9314,
1748486411,TASK_SUBMITTED,MCAGraphObject://0/9314/1,exp_04_02_02_02_03_n100_c18_11,MCAGraphObject://0/9314
1748486413,TASK_STARTED,MCAGraphObject://0/9314/1,exp_04_02_02_02_03_n100_c18_11,MCAGraphObject://0/9314
1748486432,TASK_TERMINATED,MCAGraphObject://0/8795/1,exp_04_02_02_02_03_n100_c18_10,MCAGraphObject://0/8795
1748486468,TASK_TERMINATED,MCAGraphObject://0/6632/1,exp_04_02_02_02_03_n100_c18_8,MCAGraphObject://0/6632
1748486469,TASK_SUBMITTED,MCAGraphObject://0/9897,MCAGraphObject://0/9897,
1748486469,TASK_SUBMITTED,MCAGraphObject://0/9897/1,exp_04_02_02_02_03_n100_c18_12,MCAGraphObject://0/9897
1748486472,TASK_STARTED,MCAGraphObject://0/9897/1,exp_04_02_02_02_03_n100_c18_12,MCAGraphObject://0/9897
1748486474,TASK_TERMINATED,MCAGraphObject://0/9314/1,exp_04_02_02_02_03_n100_c18_11,MCAGraphObject://0/9314
1748486482,TASK_SUBMITTED,MCAGraphObject://0/11128,MCAGraphObject://0/11128,
1748486482,TASK_SUBMITTED,MCAGraphObject://0/11128/1,exp_04_02_02_02_03_n100_c18_13,MCAGraphObject://0/11128
1748486483,TASK_STARTED,MCAGraphObject://0/11128/1,exp_04_02_02_02_03_n100_c18_13,MCAGraphObject://0/11128
1748486488,TASK_TERMINATED,MCAGraphObject://0/9897/1,exp_04_02_02_02_03_n100_c18_12,MCAGraphObject://0/9897
1748486497,TASK_SUBMITTED,MCAGraphObject://0/12164,MCAGraphObject://0/12164,
1748486497,TASK_SUBMITTED,MCAGraphObject://0/12164/1,exp_04_02_02_02_03_n100_c18_14,MCAGraphObject://0/12164
1748486500,TASK_STARTED,MCAGraphObject://0/12164/1,exp_04_02_02_02_03_n100_c18_14,MCAGraphObject://0/12164
1748486539,TASK_TERMINATED,MCAGraphObject://0/12164/1,exp_04_02_02_02_03_n100_c18_14,MCAGraphObject://0/12164
1748486541,TASK_SUBMITTED,MCAGraphObject://0/13803,MCAGraphObject://0/13803,
1748486541,TASK_SUBMITTED,MCAGraphObject://0/13803/1,exp_04_02_02_02_03_n100_c18_15,MCAGraphObject://0/13803
1748486543,TASK_STARTED,MCAGraphObject://0/13803/1,exp_04_02_02_02_03_n100_c18_15,MCAGraphObject://0/13803
1748486558,TASK_SUBMITTED,MCAGraphObject://0/14322,MCAGraphObject://0/14322,
1748486558,TASK_SUBMITTED,MCAGraphObject://0/14322/1,exp_04_02_02_02_03_n100_c18_16,MCAGraphObject://0/14322
1748486561,TASK_STARTED,MCAGraphObject://0/14322/1,exp_04_02_02_02_03_n100_c18_16,MCAGraphObject://0/14322
1748486563,TASK_TERMINATED,MCAGraphObject://0/14322/1,exp_04_02_02_02_03_n100_c18_16,MCAGraphObject://0/14322
1748486566,TASK_SUBMITTED,MCAGraphObject://0/15497,MCAGraphObject://0/15497,
1748486566,TASK_SUBMITTED,MCAGraphObject://0/15497/1,exp_04_02_02_02_03_n100_c18_17,MCAGraphObject://0/15497
1748486569,TASK_STARTED,MCAGraphObject://0/15497/1,exp_04_02_02_02_03_n100_c18_17,MCAGraphObject://0/15497
1748486581,TASK_TERMINATED,MCAGraphObject://0/15497/1,exp_04_02_02_02_03_n100_c18_17,MCAGraphObject://0/15497
1748486642,TASK_SUBMITTED,MCAGraphObject://0/16672,MCAGraphObject://0/16672,
1748486642,TASK_SUBMITTED,MCAGraphObject://0/16672/1,exp_04_02_02_02_03_n100_c18_18,MCAGraphObject://0/16672
1748486646,TASK_STARTED,MCAGraphObject://0/16672/1,exp_04_02_02_02_03_n100_c18_18,MCAGraphObject://0/16672
1748486690,TASK_TERMINATED,MCAGraphObject://0/16672/1,exp_04_02_02_02_03_n100_c18_18,MCAGraphObject://0/16672
1748486694,TASK_SUBMITTED,MCAGraphObject://0/18092,MCAGraphObject://0/18092,
1748486694,TASK_SUBMITTED,MCAGraphObject://0/18092/1,exp_04_02_02_02_03_n100_c18_19,MCAGraphObject://0/18092
1748486785,TASK_SUBMITTED,MCAGraphObject://0/18097,MCAGraphObject://0/18097,
1748486785,TASK_SUBMITTED,MCAGraphObject://0/18097/1,exp_04_02_02_02_03_n100_c18_20,MCAGraphObject://0/18097
1748486788,TASK_SUBMITTED,MCAGraphObject://0/18612,MCAGraphObject://0/18612,
1748486788,TASK_SUBMITTED,MCAGraphObject://0/18612/1,exp_04_02_02_02_03_n100_c18_21,MCAGraphObject://0/18612
1748486788,TASK_STARTED,MCAGraphObject://0/18097/1,exp_04_02_02_02_03_n100_c18_20,MCAGraphObject://0/18097
1748486790,TASK_STARTED,MCAGraphObject://0/18612/1,exp_04_02_02_02_03_n100_c18_21,MCAGraphObject://0/18612
1748486800,TASK_TERMINATED,MCAGraphObject://0/18097/1,exp_04_02_02_02_03_n100_c18_20,MCAGraphObject://0/18097
1748486836,TASK_SUBMITTED,MCAGraphObject://0/19080,MCAGraphObject://0/19080,
1748486836,TASK_SUBMITTED,MCAGraphObject://0/19080/1,exp_04_02_02_02_03_n100_c18_22,MCAGraphObject://0/19080
1748486838,TASK_STARTED,MCAGraphObject://0/19080/1,exp_04_02_02_02_03_n100_c18_22,MCAGraphObject://0/19080
1748486849,TASK_SUBMITTED,MCAGraphObject://0/19151,MCAGraphObject://0/19151,
1748486849,TASK_SUBMITTED,MCAGraphObject://0/19151/1,exp_04_02_02_02_03_n100_c18_23,MCAGraphObject://0/19151
1748486852,TASK_STARTED,MCAGraphObject://0/19151/1,exp_04_02_02_02_03_n100_c18_23,MCAGraphObject://0/19151
1748486862,TASK_TERMINATED,MCAGraphObject://0/11128/1,exp_04_02_02_02_03_n100_c18_13,MCAGraphObject://0/11128
1748486913,TASK_TERMINATED,MCAGraphObject://0/13803/1,exp_04_02_02_02_03_n100_c18_15,MCAGraphObject://0/13803
1748486915,TASK_STARTED,MCAGraphObject://0/18092/1,exp_04_02_02_02_03_n100_c18_19,MCAGraphObject://0/18092
1748486953,TASK_SUBMITTED,MCAGraphObject://0/21454,MCAGraphObject://0/21454,
1748486953,TASK_SUBMITTED,MCAGraphObject://0/21454/1,exp_04_02_02_02_03_n100_c18_24,MCAGraphObject://0/21454
1748486959,TASK_STARTED,MCAGraphObject://0/21454/1,exp_04_02_02_02_03_n100_c18_24,MCAGraphObject://0/21454
1748486975,TASK_TERMINATED,MCAGraphObject://0/21454/1,exp_04_02_02_02_03_n100_c18_24,MCAGraphObject://0/21454
1748486982,TASK_TERMINATED,MCAGraphObject://0/18092/1,exp_04_02_02_02_03_n100_c18_19,MCAGraphObject://0/18092
1748487010,TASK_SUBMITTED,MCAGraphObject://0/22941,MCAGraphObject://0/22941,
1748487010,TASK_SUBMITTED,MCAGraphObject://0/22941/1,exp_04_02_02_02_03_n100_c18_25,MCAGraphObject://0/22941
1748487014,TASK_STARTED,MCAGraphObject://0/22941/1,exp_04_02_02_02_03_n100_c18_25,MCAGraphObject://0/22941
1748487016,TASK_TERMINATED,MCAGraphObject://0/22941/1,exp_04_02_02_02_03_n100_c18_25,MCAGraphObject://0/22941
1748487089,TASK_TERMINATED,MCAGraphObject://0/18612/1,exp_04_02_02_02_03_n100_c18_21,MCAGraphObject://0/18612
1748487116,TASK_SUBMITTED,MCAGraphObject://0/24640,MCAGraphObject://0/24640,
1748487116,TASK_SUBMITTED,MCAGraphObject://0/24640/1,exp_04_02_02_02_03_n100_c18_26,MCAGraphObject://0/24640
1748487123,TASK_STARTED,MCAGraphObject://0/24640/1,exp_04_02_02_02_03_n100_c18_26,MCAGraphObject://0/24640
1748487127,TASK_SUBMITTED,MCAGraphObject://0/25155,MCAGraphObject://0/25155,
1748487127,TASK_SUBMITTED,MCAGraphObject://0/25155/1,exp_04_02_02_02_03_n100_c18_27,MCAGraphObject://0/25155
1748487132,TASK_STARTED,MCAGraphObject://0/25155/1,exp_04_02_02_02_03_n100_c18_27,MCAGraphObject://0/25155
1748487132,TASK_SUBMITTED,MCAGraphObject://0/25678,MCAGraphObject://0/25678,
1748487132,TASK_SUBMITTED,MCAGraphObject://0/25678/1,exp_04_02_02_02_03_n100_c18_28,MCAGraphObject://0/25678
1748487138,TASK_STARTED,MCAGraphObject://0/25678/1,exp_04_02_02_02_03_n100_c18_28,MCAGraphObject://0/25678
1748487168,TASK_TERMINATED,MCAGraphObject://0/19080/1,exp_04_02_02_02_03_n100_c18_22,MCAGraphObject://0/19080
1748487179,TASK_TERMINATED,MCAGraphObject://0/24640/1,exp_04_02_02_02_03_n100_c18_26,MCAGraphObject://0/24640
1748487185,TASK_TERMINATED,MCAGraphObject://0/25678/1,exp_04_02_02_02_03_n100_c18_28,MCAGraphObject://0/25678
1748487201,TASK_SUBMITTED,MCAGraphObject://0/28179,MCAGraphObject://0/28179,
1748487201,TASK_SUBMITTED,MCAGraphObject://0/28179/1,exp_04_02_02_02_03_n100_c18_29,MCAGraphObject://0/28179
1748487207,TASK_STARTED,MCAGraphObject://0/28179/1,exp_04_02_02_02_03_n100_c18_29,MCAGraphObject://0/28179
1748487225,TASK_TERMINATED,MCAGraphObject://0/25155/1,exp_04_02_02_02_03_n100_c18_27,MCAGraphObject://0/25155
1748487227,TASK_TERMINATED,MCAGraphObject://0/28179/1,exp_04_02_02_02_03_n100_c18_29,MCAGraphObject://0/28179
1748487242,TASK_SUBMITTED,MCAGraphObject://0/29370,MCAGraphObject://0/29370,
1748487242,TASK_SUBMITTED,MCAGraphObject://0/29370/1,exp_04_02_02_02_03_n100_c18_30,MCAGraphObject://0/29370
1748487243,TASK_STARTED,MCAGraphObject://0/29370/1,exp_04_02_02_02_03_n100_c18_30,MCAGraphObject://0/29370
1748487249,TASK_TERMINATED,MCAGraphObject://0/19151/1,exp_04_02_02_02_03_n100_c18_23,MCAGraphObject://0/19151
1748487297,TASK_TERMINATED,MCAGraphObject://0/29370/1,exp_04_02_02_02_03_n100_c18_30,MCAGraphObject://0/29370
1748487334,TASK_SUBMITTED,MCAGraphObject://0/29953,MCAGraphObject://0/29953,
1748487334,TASK_SUBMITTED,MCAGraphObject://0/29953/1,exp_04_02_02_02_03_n100_c18_31,MCAGraphObject://0/29953
1748487337,TASK_STARTED,MCAGraphObject://0/29953/1,exp_04_02_02_02_03_n100_c18_31,MCAGraphObject://0/29953
1748487341,TASK_SUBMITTED,MCAGraphObject://0/30536,MCAGraphObject://0/30536,
1748487341,TASK_SUBMITTED,MCAGraphObject://0/30536/1,exp_04_02_02_02_03_n100_c18_32,MCAGraphObject://0/30536
1748487346,TASK_STARTED,MCAGraphObject://0/30536/1,exp_04_02_02_02_03_n100_c18_32,MCAGraphObject://0/30536
1748487386,TASK_TERMINATED,MCAGraphObject://0/29953/1,exp_04_02_02_02_03_n100_c18_31,MCAGraphObject://0/29953
1748487445,TASK_SUBMITTED,MCAGraphObject://0/31898,MCAGraphObject://0/31898,
1748487445,TASK_SUBMITTED,MCAGraphObject://0/31898/1,exp_04_02_02_02_03_n100_c18_33,MCAGraphObject://0/31898
1748487449,TASK_TERMINATED,MCAGraphObject://0/30536/1,exp_04_02_02_02_03_n100_c18_32,MCAGraphObject://0/30536
1748487450,TASK_STARTED,MCAGraphObject://0/31898/1,exp_04_02_02_02_03_n100_c18_33,MCAGraphObject://0/31898
1748487452,TASK_TERMINATED,MCAGraphObject://0/31898/1,exp_04_02_02_02_03_n100_c18_33,MCAGraphObject://0/31898
1748487458,TASK_SUBMITTED,MCAGraphObject://0/32355,MCAGraphObject://0/32355,
1748487458,TASK_SUBMITTED,MCAGraphObject://0/32355/1,exp_04_02_02_02_03_n100_c18_34,MCAGraphObject://0/32355
1748487460,TASK_STARTED,MCAGraphObject://0/32355/1,exp_04_02_02_02_03_n100_c18_34,MCAGraphObject://0/32355
1748487477,TASK_SUBMITTED,MCAGraphObject://0/33322,MCAGraphObject://0/33322,
1748487477,TASK_SUBMITTED,MCAGraphObject://0/33322/1,exp_04_02_02_02_03_n100_c18_35,MCAGraphObject://0/33322
1748487483,TASK_STARTED,MCAGraphObject://0/33322/1,exp_04_02_02_02_03_n100_c18_35,MCAGraphObject://0/33322
1748487527,TASK_SUBMITTED,MCAGraphObject://0/35221,MCAGraphObject://0/35221,
1748487527,TASK_SUBMITTED,MCAGraphObject://0/35221/1,exp_04_02_02_02_03_n100_c18_36,MCAGraphObject://0/35221
1748487540,TASK_TERMINATED,MCAGraphObject://0/32355/1,exp_04_02_02_02_03_n100_c18_34,MCAGraphObject://0/32355
1748487548,TASK_SUBMITTED,MCAGraphObject://0/36137,MCAGraphObject://0/36137,
1748487548,TASK_SUBMITTED,MCAGraphObject://0/36137/1,exp_04_02_02_02_03_n100_c18_37,MCAGraphObject://0/36137
1748487555,TASK_STARTED,MCAGraphObject://0/35221/1,exp_04_02_02_02_03_n100_c18_36,MCAGraphObject://0/35221
1748487555,TASK_SUBMITTED,MCAGraphObject://0/36142,MCAGraphObject://0/36142,
1748487555,TASK_SUBMITTED,MCAGraphObject://0/36142/1,exp_04_02_02_02_03_n100_c18_38,MCAGraphObject://0/36142
1748487571,TASK_TERMINATED,MCAGraphObject://0/35221/1,exp_04_02_02_02_03_n100_c18_36,MCAGraphObject://0/35221
1748487573,TASK_STARTED,MCAGraphObject://0/36142/1,exp_04_02_02_02_03_n100_c18_38,MCAGraphObject://0/36142
1748487585,TASK_TERMINATED,MCAGraphObject://0/33322/1,exp_04_02_02_02_03_n100_c18_35,MCAGraphObject://0/33322
1748487587,TASK_STARTED,MCAGraphObject://0/36137/1,exp_04_02_02_02_03_n100_c18_37,MCAGraphObject://0/36137
1748487592,TASK_TERMINATED,MCAGraphObject://0/36142/1,exp_04_02_02_02_03_n100_c18_38,MCAGraphObject://0/36142
1748487604,TASK_SUBMITTED,MCAGraphObject://0/37947,MCAGraphObject://0/37947,
1748487604,TASK_SUBMITTED,MCAGraphObject://0/37947/1,exp_04_02_02_02_03_n100_c18_39,MCAGraphObject://0/37947
1748487608,TASK_STARTED,MCAGraphObject://0/37947/1,exp_04_02_02_02_03_n100_c18_39,MCAGraphObject://0/37947
1748487639,TASK_SUBMITTED,MCAGraphObject://0/39010,MCAGraphObject://0/39010,
1748487639,TASK_SUBMITTED,MCAGraphObject://0/39010/1,exp_04_02_02_02_03_n100_c18_40,MCAGraphObject://0/39010
1748487647,TASK_STARTED,MCAGraphObject://0/39010/1,exp_04_02_02_02_03_n100_c18_40,MCAGraphObject://0/39010
1748487659,TASK_SUBMITTED,MCAGraphObject://0/39829,MCAGraphObject://0/39829,
1748487659,TASK_SUBMITTED,MCAGraphObject://0/39829/1,exp_04_02_02_02_03_n100_c18_41,MCAGraphObject://0/39829
1748487665,TASK_SUBMITTED,MCAGraphObject://0/39836,MCAGraphObject://0/39836,
1748487665,TASK_SUBMITTED,MCAGraphObject://0/39836/1,exp_04_02_02_02_03_n100_c18_42,MCAGraphObject://0/39836
1748487678,TASK_STARTED,MCAGraphObject://0/39829/1,exp_04_02_02_02_03_n100_c18_41,MCAGraphObject://0/39829
1748487705,TASK_TERMINATED,MCAGraphObject://0/36137/1,exp_04_02_02_02_03_n100_c18_37,MCAGraphObject://0/36137
1748487709,TASK_STARTED,MCAGraphObject://0/39836/1,exp_04_02_02_02_03_n100_c18_42,MCAGraphObject://0/39836
1748487759,TASK_SUBMITTED,MCAGraphObject://0/41382,MCAGraphObject://0/41382,
1748487759,TASK_SUBMITTED,MCAGraphObject://0/41382/1,exp_04_02_02_02_03_n100_c18_43,MCAGraphObject://0/41382
1748487760,TASK_TERMINATED,MCAGraphObject://0/39010/1,exp_04_02_02_02_03_n100_c18_40,MCAGraphObject://0/39010
1748487763,TASK_STARTED,MCAGraphObject://0/41382/1,exp_04_02_02_02_03_n100_c18_43,MCAGraphObject://0/41382
1748487780,TASK_SUBMITTED,MCAGraphObject://0/42162,MCAGraphObject://0/42162,
1748487780,TASK_SUBMITTED,MCAGraphObject://0/42162/1,exp_04_02_02_02_03_n100_c18_44,MCAGraphObject://0/42162
1748487786,TASK_TERMINATED,MCAGraphObject://0/39829/1,exp_04_02_02_02_03_n100_c18_41,MCAGraphObject://0/39829
1748487791,TASK_STARTED,MCAGraphObject://0/42162/1,exp_04_02_02_02_03_n100_c18_44,MCAGraphObject://0/42162
1748487796,TASK_TERMINATED,MCAGraphObject://0/39836/1,exp_04_02_02_02_03_n100_c18_42,MCAGraphObject://0/39836
1748487808,TASK_TERMINATED,MCAGraphObject://0/37947/1,exp_04_02_02_02_03_n100_c18_39,MCAGraphObject://0/37947
1748487829,TASK_SUBMITTED,MCAGraphObject://0/43730,MCAGraphObject://0/43730,
1748487829,TASK_SUBMITTED,MCAGraphObject://0/43730/1,exp_04_02_02_02_03_n100_c18_45,MCAGraphObject://0/43730
1748487832,TASK_STARTED,MCAGraphObject://0/43730/1,exp_04_02_02_02_03_n100_c18_45,MCAGraphObject://0/43730
1748487838,TASK_SUBMITTED,MCAGraphObject://0/44313,MCAGraphObject://0/44313,
1748487838,TASK_SUBMITTED,MCAGraphObject://0/44313/1,exp_04_02_02_02_03_n100_c18_46,MCAGraphObject://0/44313
1748487845,TASK_SUBMITTED,MCAGraphObject://0/44318,MCAGraphObject://0/44318,
1748487845,TASK_SUBMITTED,MCAGraphObject://0/44318/1,exp_04_02_02_02_03_n100_c18_47,MCAGraphObject://0/44318
1748487848,TASK_TERMINATED,MCAGraphObject://0/42162/1,exp_04_02_02_02_03_n100_c18_44,MCAGraphObject://0/42162
1748487852,TASK_SUBMITTED,MCAGraphObject://0/44905,MCAGraphObject://0/44905,
1748487852,TASK_SUBMITTED,MCAGraphObject://0/44905/1,exp_04_02_02_02_03_n100_c18_48,MCAGraphObject://0/44905
1748487855,TASK_STARTED,MCAGraphObject://0/44313/1,exp_04_02_02_02_03_n100_c18_46,MCAGraphObject://0/44313
1748487857,TASK_STARTED,MCAGraphObject://0/44318/1,exp_04_02_02_02_03_n100_c18_47,MCAGraphObject://0/44318
1748487863,TASK_SUBMITTED,MCAGraphObject://0/45687,MCAGraphObject://0/45687,
1748487863,TASK_SUBMITTED,MCAGraphObject://0/45687/1,exp_04_02_02_02_03_n100_c18_49,MCAGraphObject://0/45687
1748487864,TASK_TERMINATED,MCAGraphObject://0/44313/1,exp_04_02_02_02_03_n100_c18_46,MCAGraphObject://0/44313
1748487869,TASK_STARTED,MCAGraphObject://0/45687/1,exp_04_02_02_02_03_n100_c18_49,MCAGraphObject://0/45687
1748487874,TASK_SUBMITTED,MCAGraphObject://0/46206,MCAGraphObject://0/46206,
1748487874,TASK_SUBMITTED,MCAGraphObject://0/46206/1,exp_04_02_02_02_03_n100_c18_50,MCAGraphObject://0/46206
1748487875,TASK_STARTED,MCAGraphObject://0/44905/1,exp_04_02_02_02_03_n100_c18_48,MCAGraphObject://0/44905
1748487897,TASK_STARTED,MCAGraphObject://0/46206/1,exp_04_02_02_02_03_n100_c18_50,MCAGraphObject://0/46206
1748487899,TASK_TERMINATED,MCAGraphObject://0/43730/1,exp_04_02_02_02_03_n100_c18_45,MCAGraphObject://0/43730
1748487910,TASK_SUBMITTED,MCAGraphObject://0/47256,MCAGraphObject://0/47256,
1748487910,TASK_SUBMITTED,MCAGraphObject://0/47256/1,exp_04_02_02_02_03_n100_c18_51,MCAGraphObject://0/47256
1748487927,TASK_STARTED,MCAGraphObject://0/47256/1,exp_04_02_02_02_03_n100_c18_51,MCAGraphObject://0/47256
1748487931,TASK_SUBMITTED,MCAGraphObject://0/47891,MCAGraphObject://0/47891,
1748487931,TASK_SUBMITTED,MCAGraphObject://0/47891/1,exp_04_02_02_02_03_n100_c18_52,MCAGraphObject://0/47891
1748487949,TASK_TERMINATED,MCAGraphObject://0/44318/1,exp_04_02_02_02_03_n100_c18_47,MCAGraphObject://0/44318
1748487955,TASK_STARTED,MCAGraphObject://0/47891/1,exp_04_02_02_02_03_n100_c18_52,MCAGraphObject://0/47891
1748487979,TASK_TERMINATED,MCAGraphObject://0/44905/1,exp_04_02_02_02_03_n100_c18_48,MCAGraphObject://0/44905
1748488015,TASK_SUBMITTED,MCAGraphObject://0/49095,MCAGraphObject://0/49095,
1748488015,TASK_SUBMITTED,MCAGraphObject://0/49095/1,exp_04_02_02_02_03_n100_c18_53,MCAGraphObject://0/49095
1748488020,TASK_SUBMITTED,MCAGraphObject://0/49452,MCAGraphObject://0/49452,
1748488020,TASK_SUBMITTED,MCAGraphObject://0/49452/1,exp_04_02_02_02_03_n100_c18_54,MCAGraphObject://0/49452
1748488029,TASK_STARTED,MCAGraphObject://0/49095/1,exp_04_02_02_02_03_n100_c18_53,MCAGraphObject://0/49095
1748488035,TASK_SUBMITTED,MCAGraphObject://0/50059,MCAGraphObject://0/50059,
1748488035,TASK_SUBMITTED,MCAGraphObject://0/50059/1,exp_04_02_02_02_03_n100_c18_55,MCAGraphObject://0/50059
1748488043,TASK_STARTED,MCAGraphObject://0/49452/1,exp_04_02_02_02_03_n100_c18_54,MCAGraphObject://0/49452
1748488052,TASK_TERMINATED,MCAGraphObject://0/45687/1,exp_04_02_02_02_03_n100_c18_49,MCAGraphObject://0/45687
1748488056,TASK_STARTED,MCAGraphObject://0/50059/1,exp_04_02_02_02_03_n100_c18_55,MCAGraphObject://0/50059
1748488073,TASK_TERMINATED,MCAGraphObject://0/49452/1,exp_04_02_02_02_03_n100_c18_54,MCAGraphObject://0/49452
1748488122,TASK_SUBMITTED,MCAGraphObject://0/51173,MCAGraphObject://0/51173,
1748488122,TASK_SUBMITTED,MCAGraphObject://0/51173/1,exp_04_02_02_02_03_n100_c18_56,MCAGraphObject://0/51173
1748488131,TASK_TERMINATED,MCAGraphObject://0/46206/1,exp_04_02_02_02_03_n100_c18_50,MCAGraphObject://0/46206
1748488134,TASK_STARTED,MCAGraphObject://0/51173/1,exp_04_02_02_02_03_n100_c18_56,MCAGraphObject://0/51173
1748488190,TASK_TERMINATED,MCAGraphObject://0/47256/1,exp_04_02_02_02_03_n100_c18_51,MCAGraphObject://0/47256
1748488202,TASK_TERMINATED,MCAGraphObject://0/47891/1,exp_04_02_02_02_03_n100_c18_52,MCAGraphObject://0/47891
1748488215,TASK_TERMINATED,MCAGraphObject://0/50059/1,exp_04_02_02_02_03_n100_c18_55,MCAGraphObject://0/50059
1748488217,TASK_SUBMITTED,MCAGraphObject://0/52823,MCAGraphObject://0/52823,
1748488217,TASK_SUBMITTED,MCAGraphObject://0/52823/1,exp_04_02_02_02_03_n100_c18_57,MCAGraphObject://0/52823
1748488227,TASK_STARTED,MCAGraphObject://0/52823/1,exp_04_02_02_02_03_n100_c18_57,MCAGraphObject://0/52823
1748488236,TASK_TERMINATED,MCAGraphObject://0/41382/1,exp_04_02_02_02_03_n100_c18_43,MCAGraphObject://0/41382
1748488240,TASK_TERMINATED,MCAGraphObject://0/52823/1,exp_04_02_02_02_03_n100_c18_57,MCAGraphObject://0/52823
1748488246,TASK_SUBMITTED,MCAGraphObject://0/53458,MCAGraphObject://0/53458,
1748488246,TASK_SUBMITTED,MCAGraphObject://0/53458/1,exp_04_02_02_02_03_n100_c18_58,MCAGraphObject://0/53458
1748488250,TASK_STARTED,MCAGraphObject://0/53458/1,exp_04_02_02_02_03_n100_c18_58,MCAGraphObject://0/53458
1748488280,TASK_SUBMITTED,MCAGraphObject://0/53977,MCAGraphObject://0/53977,
1748488280,TASK_SUBMITTED,MCAGraphObject://0/53977/1,exp_04_02_02_02_03_n100_c18_59,MCAGraphObject://0/53977
1748488291,TASK_STARTED,MCAGraphObject://0/53977/1,exp_04_02_02_02_03_n100_c18_59,MCAGraphObject://0/53977
1748488293,TASK_SUBMITTED,MCAGraphObject://0/54641,MCAGraphObject://0/54641,
1748488293,TASK_SUBMITTED,MCAGraphObject://0/54641/1,exp_04_02_02_02_03_n100_c18_60,MCAGraphObject://0/54641
1748488295,TASK_TERMINATED,MCAGraphObject://0/49095/1,exp_04_02_02_02_03_n100_c18_53,MCAGraphObject://0/49095
1748488301,TASK_STARTED,MCAGraphObject://0/54641/1,exp_04_02_02_02_03_n100_c18_60,MCAGraphObject://0/54641
1748488303,TASK_SUBMITTED,MCAGraphObject://0/55344,MCAGraphObject://0/55344,
1748488303,TASK_SUBMITTED,MCAGraphObject://0/55344/1,exp_04_02_02_02_03_n100_c18_61,MCAGraphObject://0/55344
1748488307,TASK_TERMINATED,MCAGraphObject://0/53977/1,exp_04_02_02_02_03_n100_c18_59,MCAGraphObject://0/53977
1748488308,TASK_TERMINATED,MCAGraphObject://0/54641/1,exp_04_02_02_02_03_n100_c18_60,MCAGraphObject://0/54641
1748488310,TASK_STARTED,MCAGraphObject://0/55344/1,exp_04_02_02_02_03_n100_c18_61,MCAGraphObject://0/55344
1748488316,TASK_TERMINATED,MCAGraphObject://0/55344/1,exp_04_02_02_02_03_n100_c18_61,MCAGraphObject://0/55344
1748488376,TASK_TERMINATED,MCAGraphObject://0/51173/1,exp_04_02_02_02_03_n100_c18_56,MCAGraphObject://0/51173
1748488423,TASK_SUBMITTED,MCAGraphObject://0/56699,MCAGraphObject://0/56699,
1748488423,TASK_SUBMITTED,MCAGraphObject://0/56699/1,exp_04_02_02_02_03_n100_c18_62,MCAGraphObject://0/56699
1748488426,TASK_STARTED,MCAGraphObject://0/56699/1,exp_04_02_02_02_03_n100_c18_62,MCAGraphObject://0/56699
1748488438,TASK_TERMINATED,MCAGraphObject://0/53458/1,exp_04_02_02_02_03_n100_c18_58,MCAGraphObject://0/53458
1748488503,TASK_TERMINATED,MCAGraphObject://0/56699/1,exp_04_02_02_02_03_n100_c18_62,MCAGraphObject://0/56699
1748488518,TASK_SUBMITTED,MCAGraphObject://0/58061,MCAGraphObject://0/58061,
1748488518,TASK_SUBMITTED,MCAGraphObject://0/58061/1,exp_04_02_02_02_03_n100_c18_63,MCAGraphObject://0/58061
1748488523,TASK_STARTED,MCAGraphObject://0/58061/1,exp_04_02_02_02_03_n100_c18_63,MCAGraphObject://0/58061
1748488526,TASK_SUBMITTED,MCAGraphObject://0/59418,MCAGraphObject://0/59418,
1748488526,TASK_SUBMITTED,MCAGraphObject://0/59418/1,exp_04_02_02_02_03_n100_c18_64,MCAGraphObject://0/59418
1748488536,TASK_SUBMITTED,MCAGraphObject://0/59423,MCAGraphObject://0/59423,
1748488536,TASK_SUBMITTED,MCAGraphObject://0/59423/1,exp_04_02_02_02_03_n100_c18_65,MCAGraphObject://0/59423
1748488549,TASK_STARTED,MCAGraphObject://0/59423/1,exp_04_02_02_02_03_n100_c18_65,MCAGraphObject://0/59423
1748488558,TASK_SUBMITTED,MCAGraphObject://0/60011,MCAGraphObject://0/60011,
1748488558,TASK_SUBMITTED,MCAGraphObject://0/60011/1,exp_04_02_02_02_03_n100_c18_66,MCAGraphObject://0/60011
1748488563,TASK_SUBMITTED,MCAGraphObject://0/60016,MCAGraphObject://0/60016,
1748488563,TASK_SUBMITTED,MCAGraphObject://0/60016/1,exp_04_02_02_02_03_n100_c18_67,MCAGraphObject://0/60016
1748488582,TASK_SUBMITTED,MCAGraphObject://0/60021,MCAGraphObject://0/60021,
1748488582,TASK_SUBMITTED,MCAGraphObject://0/60021/1,exp_04_02_02_02_03_n100_c18_68,MCAGraphObject://0/60021
1748488598,TASK_TERMINATED,MCAGraphObject://0/58061/1,exp_04_02_02_02_03_n100_c18_63,MCAGraphObject://0/58061
1748488602,TASK_STARTED,MCAGraphObject://0/60011/1,exp_04_02_02_02_03_n100_c18_66,MCAGraphObject://0/60011
1748488605,TASK_STARTED,MCAGraphObject://0/60016/1,exp_04_02_02_02_03_n100_c18_67,MCAGraphObject://0/60016
1748488605,TASK_STARTED,MCAGraphObject://0/60021/1,exp_04_02_02_02_03_n100_c18_68,MCAGraphObject://0/60021
1748488610,TASK_TERMINATED,MCAGraphObject://0/60016/1,exp_04_02_02_02_03_n100_c18_67,MCAGraphObject://0/60016
1748488629,TASK_TERMINATED,MCAGraphObject://0/59423/1,exp_04_02_02_02_03_n100_c18_65,MCAGraphObject://0/59423
1748488677,TASK_TERMINATED,MCAGraphObject://0/60011/1,exp_04_02_02_02_03_n100_c18_66,MCAGraphObject://0/60011
1748488677,TASK_SUBMITTED,MCAGraphObject://0/62299,MCAGraphObject://0/62299,
1748488677,TASK_SUBMITTED,MCAGraphObject://0/62299/1,exp_04_02_02_02_03_n100_c18_69,MCAGraphObject://0/62299
1748488685,TASK_SUBMITTED,MCAGraphObject://0/62818,MCAGraphObject://0/62818,
1748488685,TASK_SUBMITTED,MCAGraphObject://0/62818/1,exp_04_02_02_02_03_n100_c18_70,MCAGraphObject://0/62818
1748488686,TASK_TERMINATED,MCAGraphObject://0/60021/1,exp_04_02_02_02_03_n100_c18_68,MCAGraphObject://0/60021
1748488686,TASK_STARTED,MCAGraphObject://0/62299/1,exp_04_02_02_02_03_n100_c18_69,MCAGraphObject://0/62299
1748488689,TASK_STARTED,MCAGraphObject://0/59418/1,exp_04_02_02_02_03_n100_c18_64,MCAGraphObject://0/59418
1748488690,TASK_STARTED,MCAGraphObject://0/62818/1,exp_04_02_02_02_03_n100_c18_70,MCAGraphObject://0/62818
1748488693,TASK_SUBMITTED,MCAGraphObject://0/63987,MCAGraphObject://0/63987,
1748488693,TASK_SUBMITTED,MCAGraphObject://0/63987/1,exp_04_02_02_02_03_n100_c18_71,MCAGraphObject://0/63987
1748488701,TASK_TERMINATED,MCAGraphObject://0/62818/1,exp_04_02_02_02_03_n100_c18_70,MCAGraphObject://0/62818
1748488707,TASK_STARTED,MCAGraphObject://0/63987/1,exp_04_02_02_02_03_n100_c18_71,MCAGraphObject://0/63987
1748488710,TASK_SUBMITTED,MCAGraphObject://0/65011,MCAGraphObject://0/65011,
1748488710,TASK_SUBMITTED,MCAGraphObject://0/65011/1,exp_04_02_02_02_03_n100_c18_72,MCAGraphObject://0/65011
1748488726,TASK_TERMINATED,MCAGraphObject://0/63987/1,exp_04_02_02_02_03_n100_c18_71,MCAGraphObject://0/63987
1748488731,TASK_STARTED,MCAGraphObject://0/65011/1,exp_04_02_02_02_03_n100_c18_72,MCAGraphObject://0/65011
1748488737,TASK_SUBMITTED,MCAGraphObject://0/65786,MCAGraphObject://0/65786,
1748488737,TASK_SUBMITTED,MCAGraphObject://0/65786/1,exp_04_02_02_02_03_n100_c18_73,MCAGraphObject://0/65786
1748488749,TASK_STARTED,MCAGraphObject://0/65786/1,exp_04_02_02_02_03_n100_c18_73,MCAGraphObject://0/65786
1748488773,TASK_TERMINATED,MCAGraphObject://0/62299/1,exp_04_02_02_02_03_n100_c18_69,MCAGraphObject://0/62299
1748488796,TASK_SUBMITTED,MCAGraphObject://0/66950,MCAGraphObject://0/66950,
1748488796,TASK_SUBMITTED,MCAGraphObject://0/66950/1,exp_04_02_02_02_03_n100_c18_74,MCAGraphObject://0/66950
1748488835,TASK_SUBMITTED,MCAGraphObject://0/67403,MCAGraphObject://0/67403,
1748488835,TASK_SUBMITTED,MCAGraphObject://0/67403/1,exp_04_02_02_02_03_n100_c18_75,MCAGraphObject://0/67403
1748488849,TASK_TERMINATED,MCAGraphObject://0/65786/1,exp_04_02_02_02_03_n100_c18_73,MCAGraphObject://0/65786
1748488849,TASK_STARTED,MCAGraphObject://0/67403/1,exp_04_02_02_02_03_n100_c18_75,MCAGraphObject://0/67403
1748488875,TASK_SUBMITTED,MCAGraphObject://0/68249,MCAGraphObject://0/68249,
1748488875,TASK_SUBMITTED,MCAGraphObject://0/68249/1,exp_04_02_02_02_03_n100_c18_76,MCAGraphObject://0/68249
1748488888,TASK_STARTED,MCAGraphObject://0/68249/1,exp_04_02_02_02_03_n100_c18_76,MCAGraphObject://0/68249
1748488893,TASK_SUBMITTED,MCAGraphObject://0/68420,MCAGraphObject://0/68420,
1748488893,TASK_SUBMITTED,MCAGraphObject://0/68420/1,exp_04_02_02_02_03_n100_c18_77,MCAGraphObject://0/68420
1748488914,TASK_STARTED,MCAGraphObject://0/68420/1,exp_04_02_02_02_03_n100_c18_77,MCAGraphObject://0/68420
1748488918,TASK_SUBMITTED,MCAGraphObject://0/68791,MCAGraphObject://0/68791,
1748488918,TASK_SUBMITTED,MCAGraphObject://0/68791/1,exp_04_02_02_02_03_n100_c18_78,MCAGraphObject://0/68791
1748488931,TASK_SUBMITTED,MCAGraphObject://0/68864,MCAGraphObject://0/68864,
1748488931,TASK_SUBMITTED,MCAGraphObject://0/68864/1,exp_04_02_02_02_03_n100_c18_79,MCAGraphObject://0/68864
1748488952,TASK_STARTED,MCAGraphObject://0/68864/1,exp_04_02_02_02_03_n100_c18_79,MCAGraphObject://0/68864
1748488975,TASK_TERMINATED,MCAGraphObject://0/68864/1,exp_04_02_02_02_03_n100_c18_79,MCAGraphObject://0/68864
1748488994,TASK_SUBMITTED,MCAGraphObject://0/69741,MCAGraphObject://0/69741,
1748488994,TASK_SUBMITTED,MCAGraphObject://0/69741/1,exp_04_02_02_02_03_n100_c18_80,MCAGraphObject://0/69741
1748488995,TASK_TERMINATED,MCAGraphObject://0/59418/1,exp_04_02_02_02_03_n100_c18_64,MCAGraphObject://0/59418
1748489017,TASK_TERMINATED,MCAGraphObject://0/68420/1,exp_04_02_02_02_03_n100_c18_77,MCAGraphObject://0/68420
1748489039,TASK_TERMINATED,MCAGraphObject://0/65011/1,exp_04_02_02_02_03_n100_c18_72,MCAGraphObject://0/65011
1748489043,TASK_STARTED,MCAGraphObject://0/66950/1,exp_04_02_02_02_03_n100_c18_74,MCAGraphObject://0/66950
1748489047,TASK_SUBMITTED,MCAGraphObject://0/71118,MCAGraphObject://0/71118,
1748489047,TASK_SUBMITTED,MCAGraphObject://0/71118/1,exp_04_02_02_02_03_n100_c18_81,MCAGraphObject://0/71118
1748489056,TASK_STARTED,MCAGraphObject://0/71118/1,exp_04_02_02_02_03_n100_c18_81,MCAGraphObject://0/71118
1748489064,TASK_SUBMITTED,MCAGraphObject://0/71317,MCAGraphObject://0/71317,
1748489064,TASK_SUBMITTED,MCAGraphObject://0/71317/1,exp_04_02_02_02_03_n100_c18_82,MCAGraphObject://0/71317
1748489079,TASK_STARTED,MCAGraphObject://0/71317/1,exp_04_02_02_02_03_n100_c18_82,MCAGraphObject://0/71317
1748489080,TASK_SUBMITTED,MCAGraphObject://0/71680,MCAGraphObject://0/71680,
1748489080,TASK_SUBMITTED,MCAGraphObject://0/71680/1,exp_04_02_02_02_03_n100_c18_83,MCAGraphObject://0/71680
1748489090,TASK_SUBMITTED,MCAGraphObject://0/71717,MCAGraphObject://0/71717,
1748489090,TASK_SUBMITTED,MCAGraphObject://0/71717/1,exp_04_02_02_02_03_n100_c18_84,MCAGraphObject://0/71717
1748489098,TASK_SUBMITTED,MCAGraphObject://0/72016,MCAGraphObject://0/72016,
1748489098,TASK_SUBMITTED,MCAGraphObject://0/72016/1,exp_04_02_02_02_03_n100_c18_85,MCAGraphObject://0/72016
1748489099,TASK_STARTED,MCAGraphObject://0/71680/1,exp_04_02_02_02_03_n100_c18_83,MCAGraphObject://0/71680
1748489106,TASK_SUBMITTED,MCAGraphObject://0/72187,MCAGraphObject://0/72187,
1748489106,TASK_SUBMITTED,MCAGraphObject://0/72187/1,exp_04_02_02_02_03_n100_c18_86,MCAGraphObject://0/72187
1748489118,TASK_STARTED,MCAGraphObject://0/71717/1,exp_04_02_02_02_03_n100_c18_84,MCAGraphObject://0/71717
1748489120,TASK_STARTED,MCAGraphObject://0/72016/1,exp_04_02_02_02_03_n100_c18_85,MCAGraphObject://0/72016
1748489122,TASK_TERMINATED,MCAGraphObject://0/67403/1,exp_04_02_02_02_03_n100_c18_75,MCAGraphObject://0/67403
1748489129,TASK_STARTED,MCAGraphObject://0/72187/1,exp_04_02_02_02_03_n100_c18_86,MCAGraphObject://0/72187
1748489143,TASK_SUBMITTED,MCAGraphObject://0/72958,MCAGraphObject://0/72958,
1748489143,TASK_SUBMITTED,MCAGraphObject://0/72958/1,exp_04_02_02_02_03_n100_c18_87,MCAGraphObject://0/72958
1748489195,TASK_TERMINATED,MCAGraphObject://0/68249/1,exp_04_02_02_02_03_n100_c18_76,MCAGraphObject://0/68249
1748489195,TASK_TERMINATED,MCAGraphObject://0/71118/1,exp_04_02_02_02_03_n100_c18_81,MCAGraphObject://0/71118
1748489195,TASK_TERMINATED,MCAGraphObject://0/71680/1,exp_04_02_02_02_03_n100_c18_83,MCAGraphObject://0/71680
1748489195,TASK_SUBMITTED,MCAGraphObject://0/73251,MCAGraphObject://0/73251,
1748489195,TASK_SUBMITTED,MCAGraphObject://0/73251/1,exp_04_02_02_02_03_n100_c18_88,MCAGraphObject://0/73251
1748489210,TASK_STARTED,MCAGraphObject://0/73251/1,exp_04_02_02_02_03_n100_c18_88,MCAGraphObject://0/73251
1748489224,TASK_TERMINATED,MCAGraphObject://0/72016/1,exp_04_02_02_02_03_n100_c18_85,MCAGraphObject://0/72016
1748489230,TASK_SUBMITTED,MCAGraphObject://0/74095,MCAGraphObject://0/74095,
1748489230,TASK_SUBMITTED,MCAGraphObject://0/74095/1,exp_04_02_02_02_03_n100_c18_89,MCAGraphObject://0/74095
1748489242,TASK_SUBMITTED,MCAGraphObject://0/74297,MCAGraphObject://0/74297,
1748489242,TASK_SUBMITTED,MCAGraphObject://0/74297/1,exp_04_02_02_02_03_n100_c18_90,MCAGraphObject://0/74297
1748489261,TASK_STARTED,MCAGraphObject://0/74297/1,exp_04_02_02_02_03_n100_c18_90,MCAGraphObject://0/74297
1748489271,TASK_TERMINATED,MCAGraphObject://0/73251/1,exp_04_02_02_02_03_n100_c18_88,MCAGraphObject://0/73251
1748489333,TASK_TERMINATED,MCAGraphObject://0/71717/1,exp_04_02_02_02_03_n100_c18_84,MCAGraphObject://0/71717
1748489336,TASK_SUBMITTED,MCAGraphObject://0/75567,MCAGraphObject://0/75567,
1748489336,TASK_SUBMITTED,MCAGraphObject://0/75567/1,exp_04_02_02_02_03_n100_c18_91,MCAGraphObject://0/75567
1748489337,TASK_STARTED,MCAGraphObject://0/68791/1,exp_04_02_02_02_03_n100_c18_78,MCAGraphObject://0/68791
1748489353,TASK_STARTED,MCAGraphObject://0/75567/1,exp_04_02_02_02_03_n100_c18_91,MCAGraphObject://0/75567
1748489354,TASK_TERMINATED,MCAGraphObject://0/66950/1,exp_04_02_02_02_03_n100_c18_74,MCAGraphObject://0/66950
1748489413,TASK_SUBMITTED,MCAGraphObject://0/77177,MCAGraphObject://0/77177,
1748489413,TASK_SUBMITTED,MCAGraphObject://0/77177/1,exp_04_02_02_02_03_n100_c18_92,MCAGraphObject://0/77177
1748489430,TASK_SUBMITTED,MCAGraphObject://0/77278,MCAGraphObject://0/77278,
1748489430,TASK_SUBMITTED,MCAGraphObject://0/77278/1,exp_04_02_02_02_03_n100_c18_93,MCAGraphObject://0/77278
1748489449,TASK_STARTED,MCAGraphObject://0/77278/1,exp_04_02_02_02_03_n100_c18_93,MCAGraphObject://0/77278
1748489454,TASK_TERMINATED,MCAGraphObject://0/75567/1,exp_04_02_02_02_03_n100_c18_91,MCAGraphObject://0/75567
1748489532,TASK_TERMINATED,MCAGraphObject://0/72187/1,exp_04_02_02_02_03_n100_c18_86,MCAGraphObject://0/72187
1748489538,TASK_TERMINATED,MCAGraphObject://0/77278/1,exp_04_02_02_02_03_n100_c18_93,MCAGraphObject://0/77278
1748489538,TASK_STARTED,MCAGraphObject://0/69741/1,exp_04_02_02_02_03_n100_c18_80,MCAGraphObject://0/69741
1748489561,TASK_SUBMITTED,MCAGraphObject://0/79335,MCAGraphObject://0/79335,
1748489561,TASK_SUBMITTED,MCAGraphObject://0/79335/1,exp_04_02_02_02_03_n100_c18_94,MCAGraphObject://0/79335
1748489584,TASK_TERMINATED,MCAGraphObject://0/68791/1,exp_04_02_02_02_03_n100_c18_78,MCAGraphObject://0/68791
1748489589,TASK_STARTED,MCAGraphObject://0/72958/1,exp_04_02_02_02_03_n100_c18_87,MCAGraphObject://0/72958
1748489604,TASK_SUBMITTED,MCAGraphObject://0/80242,MCAGraphObject://0/80242,
1748489604,TASK_SUBMITTED,MCAGraphObject://0/80242/1,exp_04_02_02_02_03_n100_c18_95,MCAGraphObject://0/80242
1748489611,TASK_SUBMITTED,MCAGraphObject://0/80279,MCAGraphObject://0/80279,
1748489611,TASK_SUBMITTED,MCAGraphObject://0/80279/1,exp_04_02_02_02_03_n100_c18_96,MCAGraphObject://0/80279
1748489637,TASK_SUBMITTED,MCAGraphObject://0/80508,MCAGraphObject://0/80508,
1748489637,TASK_SUBMITTED,MCAGraphObject://0/80508/1,exp_04_02_02_02_03_n100_c18_97,MCAGraphObject://0/80508
1748489638,TASK_TERMINATED,MCAGraphObject://0/74297/1,exp_04_02_02_02_03_n100_c18_90,MCAGraphObject://0/74297
1748489651,TASK_STARTED,MCAGraphObject://0/80279/1,exp_04_02_02_02_03_n100_c18_96,MCAGraphObject://0/80279
1748489704,TASK_SUBMITTED,MCAGraphObject://0/81699,MCAGraphObject://0/81699,
1748489704,TASK_SUBMITTED,MCAGraphObject://0/81699/1,exp_04_02_02_02_03_n100_c18_98,MCAGraphObject://0/81699
1748489728,TASK_STARTED,MCAGraphObject://0/81699/1,exp_04_02_02_02_03_n100_c18_98,MCAGraphObject://0/81699
1748489741,TASK_SUBMITTED,MCAGraphObject://0/82521,MCAGraphObject://0/82521,
1748489741,TASK_SUBMITTED,MCAGraphObject://0/82521/1,exp_04_02_02_02_03_n100_c18_99,MCAGraphObject://0/82521
1748489769,TASK_SUBMITTED,MCAGraphObject://0/82756,MCAGraphObject://0/82756,
1748489769,TASK_SUBMITTED,MCAGraphObject://0/82756/1,exp_04_02_02_02_03_n100_c18_100,MCAGraphObject://0/82756
1748489822,TASK_TERMINATED,MCAGraphObject://0/81699/1,exp_04_02_02_02_03_n100_c18_98,MCAGraphObject://0/81699
1748489855,TASK_STARTED,MCAGraphObject://0/82521/1,exp_04_02_02_02_03_n100_c18_99,MCAGraphObject://0/82521
1748489855,TASK_STARTED,MCAGraphObject://0/82756/1,exp_04_02_02_02_03_n100_c18_100,MCAGraphObject://0/82756
1748489873,TASK_TERMINATED,MCAGraphObject://0/69741/1,exp_04_02_02_02_03_n100_c18_80,MCAGraphObject://0/69741
1748489921,TASK_TERMINATED,MCAGraphObject://0/72958/1,exp_04_02_02_02_03_n100_c18_87,MCAGraphObject://0/72958
1748489926,TASK_TERMINATED,MCAGraphObject://0/82521/1,exp_04_02_02_02_03_n100_c18_99,MCAGraphObject://0/82521
1748489926,TASK_STARTED,MCAGraphObject://0/74095/1,exp_04_02_02_02_03_n100_c18_89,MCAGraphObject://0/74095
1748489933,TASK_STARTED,MCAGraphObject://0/77177/1,exp_04_02_02_02_03_n100_c18_92,MCAGraphObject://0/77177
1748489990,TASK_TERMINATED,MCAGraphObject://0/71317/1,exp_04_02_02_02_03_n100_c18_82,MCAGraphObject://0/71317
1748490113,TASK_TERMINATED,MCAGraphObject://0/82756/1,exp_04_02_02_02_03_n100_c18_100,MCAGraphObject://0/82756
1748490122,TASK_STARTED,MCAGraphObject://0/79335/1,exp_04_02_02_02_03_n100_c18_94,MCAGraphObject://0/79335
1748490324,TASK_TERMINATED,MCAGraphObject://0/80279/1,exp_04_02_02_02_03_n100_c18_96,MCAGraphObject://0/80279
1748490330,TASK_TERMINATED,MCAGraphObject://0/74095/1,exp_04_02_02_02_03_n100_c18_89,MCAGraphObject://0/74095
1748490339,TASK_STARTED,MCAGraphObject://0/80242/1,exp_04_02_02_02_03_n100_c18_95,MCAGraphObject://0/80242
1748490339,TASK_TERMINATED,MCAGraphObject://0/77177/1,exp_04_02_02_02_03_n100_c18_92,MCAGraphObject://0/77177
1748490357,TASK_STARTED,MCAGraphObject://0/80508/1,exp_04_02_02_02_03_n100_c18_97,MCAGraphObject://0/80508
1748490583,TASK_TERMINATED,MCAGraphObject://0/79335/1,exp_04_02_02_02_03_n100_c18_94,MCAGraphObject://0/79335
1748490747,TASK_TERMINATED,MCAGraphObject://0/80242/1,exp_04_02_02_02_03_n100_c18_95,MCAGraphObject://0/80242
1748490752,TASK_TERMINATED,MCAGraphObject://0/80508/1,exp_04_02_02_02_03_n100_c18_97,MCAGraphObject://0/80508
